agent_id,converged,convergence_iteration,convergence_reason,final_relative_change,total_iterations,initial_loss,final_loss,loss_improvement_percent
0,False,,max_iterations_reached,0.004125826616649291,1000,2.034010171890259,0.8017146587371826,60.58453050939622
1,False,,max_iterations_reached,0.0060841330544341415,1000,1.936657428741455,0.7420744895935059,61.68271793552327
2,False,,max_iterations_reached,0.003875377733442821,1000,1.9185850620269775,0.7459309101104736,61.12077984583073
3,False,,max_iterations_reached,0.00674820607176893,1000,1.9163239002227783,0.6638960838317871,65.35574785898109
