Method,MSE,R²,Uncertainty,Type
Baseline VSGP (Full Data),0.000707863539013519,0.9994343601638169,0.16835534572601318,Centralized
Standard_DAC,0.39916205406188965,0.681037446572496,N/A,Distributed
Weighted_DAC_PoE,0.4102880582213402,0.6721468708501102,N/A,Distributed
