Method,MSE,R²,Uncertainty,Type
Baseline VSGP (Full Data),0.017067257389537956,0.9973996187598773,0.8497694134712219,Centralized
Standard_DAC,2.72221702337265,0.5852408089427896,N/A,Distributed
Weighted_DAC_PoE,2.722031682729721,0.5852690402678649,N/A,Distributed
