Method,MSE,R²,Uncertainty,Type
Baseline VSGP (Full Data),0.5774121410478378,0.9771297603095832,1.3183684349060059,Centralized
Standard_DAC,0.7436678484082222,0.9705446755364646,N/A,Distributed
Weighted_DAC_PoE,0.7257379740476608,0.9712548443498628,N/A,Distributed
