Method,MSE,R²,Uncertainty,Type
Baseline VSGP (Full Data),0.04420143398400159,0.9827781482551226,0.997759997844696,Centralized
Standard_DAC,0.2981787845492363,0.8838229904355173,N/A,Distributed
Weighted_DAC_PoE,0.30842047184705734,0.8798326029561856,N/A,Distributed
