Agent,Initial MSE,Final MSE,Best MSE,MSE Improvement (%),Initial R2,Final R2,Best R2,R2 Improvement (%),Final Data Size,Total Stages
Agent 1,11.176918029785156,0.2422821968793869,0.208203837275505,97.83229870494054,-3.3547728871492914,0.9056015279897366,0.9188792098720237,126.9944217135578,982,33
Agent 2,7.6772308349609375,0.3933266699314117,0.3156203627586365,94.87671168958133,-1.991217928970024,0.8467512763968096,0.8770273663435992,142.5242902009841,988,33
Agent 3,4.755336284637451,0.3778270483016968,0.3778270483016968,92.05467235782459,-0.852783577272048,0.8527902804493577,0.8527902804493577,200.0007883802606,953,33
Agent 4,4.18870735168457,0.2202459722757339,0.2202459722757339,94.74191071889618,-0.6320124496320902,0.914187326988839,0.914187326988839,244.647048010797,933,33
