Method,R2,MSE,Coverage,Type
Baseline_VSGP,0.974148842026148,0.0667620619327288,1.0,Centralized
Standard_DAC,0.798035300065261,0.5215851813554764,N/A,Distributed
Weighted_DAC_PoE,0.7991753342985571,0.518640972673893,N/A,Distributed
