Method,R2,MSE,Coverage,Type
Baseline_VSGP,0.9846898626259232,0.01927923311573996,1.0,Centralized
Standard_DAC,0.6693660495884504,0.41634955257177353,N/A,Distributed
Weighted_DAC_PoE,0.6692771280741386,0.4164615198969841,N/A,Distributed
