Method,R2,MSE,Coverage,Type
Baseline_VSGP,0.9962656317565477,0.024486453319120017,1.0,Centralized
Standard_DAC,0.5850102400847774,2.721110314130783,N/A,Distributed
Weighted_DAC_PoE,0.5848776818531702,2.721979469060898,N/A,Distributed
