Method,R2,MSE,Coverage,Type
Baseline_VSGP,0.9771220215454224,0.5767453605888988,0.974,Centralized
Standard_DAC,0.9195951998545264,2.0269751995801926,N/A,Distributed
Weighted_DAC_PoE,0.9196079772356733,2.0266530215740204,N/A,Distributed
